Date,Machine,Metric,Value,Unit
27-07-2020-10:54:16,Win7_test,CPU/Load/User,0.12,%
27-07-2020-10:54:16,Win7_test_Clone,CPU/Load/User,0.12,%
27-07-2020-10:54:21,Win7_test,CPU/Load/User,0.00,%
27-07-2020-10:54:21,Win7_test_Clone,CPU/Load/User,0.12,%
27-07-2020-10:54:26,Win7_test,CPU/Load/User,0.12,%
27-07-2020-10:54:26,Win7_test_Clone,CPU/Load/User,0.00,%
27-07-2020-10:54:31,Win7_test,CPU/Load/User,0.12,%
27-07-2020-10:54:31,Win7_test_Clone,CPU/Load/User,0.00,%
27-07-2020-10:54:36,Win7_test,CPU/Load/User,0.12,%
27-07-2020-10:54:36,Win7_test_Clone,CPU/Load/User,0.12,%
27-07-2020-10:54:41,Win7_test,CPU/Load/User,0.12,%
27-07-2020-10:54:41,Win7_test_Clone,CPU/Load/User,0.12,%
27-07-2020-10:54:46,Win7_test,CPU/Load/User,0.12,%
27-07-2020-10:54:46,Win7_test_Clone,CPU/Load/User,0.12,%
27-07-2020-10:54:51,Win7_test,CPU/Load/User,0.00,%
27-07-2020-10:54:51,Win7_test_Clone,CPU/Load/User,0.00,%
27-07-2020-10:54:56,Win7_test,CPU/Load/User,0.12,%
27-07-2020-10:54:56,Win7_test_Clone,CPU/Load/User,0.12,%
27-07-2020-10:55:01,Win7_test,CPU/Load/User,0.12,%
27-07-2020-10:55:01,Win7_test_Clone,CPU/Load/User,0.12,%
